id,arm,cat_id,volume_tertile,sales_sum
FOODS_1_029_TX_1_evaluation,treatment,FOODS,low,361
FOODS_1_126_WI_1_evaluation,control,FOODS,low,285
FOODS_1_159_TX_1_evaluation,treatment,FOODS,low,248
FOODS_1_164_CA_1_evaluation,treatment,FOODS,low,195
FOODS_1_211_TX_1_evaluation,treatment,FOODS,low,322
FOODS_2_006_CA_1_evaluation,control,FOODS,low,321
FOODS_2_029_WI_1_evaluation,control,FOODS,low,239
FOODS_2_053_TX_1_evaluation,treatment,FOODS,low,300
FOODS_2_062_TX_1_evaluation,treatment,FOODS,low,414
FOODS_2_132_TX_1_evaluation,treatment,FOODS,low,339
FOODS_2_148_TX_1_evaluation,control,FOODS,low,319
FOODS_2_158_CA_1_evaluation,control,FOODS,low,308
FOODS_2_159_WI_1_evaluation,treatment,FOODS,low,391
FOODS_2_165_CA_1_evaluation,control,FOODS,low,338
FOODS_2_308_TX_1_evaluation,control,FOODS,low,412
FOODS_2_319_TX_1_evaluation,control,FOODS,low,410
FOODS_2_365_WI_1_evaluation,control,FOODS,low,281
FOODS_2_387_TX_1_evaluation,control,FOODS,low,165
FOODS_2_393_CA_1_evaluation,control,FOODS,low,318
FOODS_3_003_CA_1_evaluation,treatment,FOODS,low,320
FOODS_3_033_TX_1_evaluation,treatment,FOODS,low,312
FOODS_3_033_WI_1_evaluation,control,FOODS,low,290
FOODS_3_036_TX_1_evaluation,control,FOODS,low,204
FOODS_3_110_WI_1_evaluation,control,FOODS,low,390
FOODS_3_137_TX_1_evaluation,treatment,FOODS,low,235
FOODS_3_164_CA_1_evaluation,treatment,FOODS,low,320
FOODS_3_280_WI_1_evaluation,treatment,FOODS,low,388
FOODS_3_296_WI_1_evaluation,treatment,FOODS,low,75
FOODS_3_337_WI_1_evaluation,control,FOODS,low,214
FOODS_3_350_CA_1_evaluation,treatment,FOODS,low,16
FOODS_3_375_TX_1_evaluation,treatment,FOODS,low,303
FOODS_3_409_TX_1_evaluation,control,FOODS,low,234
FOODS_3_427_TX_1_evaluation,control,FOODS,low,255
FOODS_3_443_TX_1_evaluation,treatment,FOODS,low,169
FOODS_3_527_TX_1_evaluation,control,FOODS,low,195
FOODS_3_536_TX_1_evaluation,control,FOODS,low,371
FOODS_3_563_TX_1_evaluation,control,FOODS,low,209
FOODS_3_595_CA_1_evaluation,treatment,FOODS,low,10
FOODS_3_690_TX_1_evaluation,treatment,FOODS,low,60
FOODS_3_722_TX_1_evaluation,control,FOODS,low,263
FOODS_3_763_TX_1_evaluation,treatment,FOODS,low,382
FOODS_3_790_TX_1_evaluation,control,FOODS,low,174
FOODS_3_790_WI_1_evaluation,control,FOODS,low,304
HOBBIES_1_002_TX_1_evaluation,control,HOBBIES,low,216
HOBBIES_1_003_CA_1_evaluation,control,HOBBIES,low,257
HOBBIES_1_007_TX_1_evaluation,control,HOBBIES,low,177
HOBBIES_1_020_TX_1_evaluation,treatment,HOBBIES,low,240
HOBBIES_1_038_TX_1_evaluation,treatment,HOBBIES,low,385
HOBBIES_1_039_CA_1_evaluation,treatment,HOBBIES,low,187
HOBBIES_1_041_TX_1_evaluation,control,HOBBIES,low,370
HOBBIES_1_046_CA_1_evaluation,treatment,HOBBIES,low,272
HOBBIES_1_046_TX_1_evaluation,treatment,HOBBIES,low,126
HOBBIES_1_051_CA_1_evaluation,control,HOBBIES,low,252
HOBBIES_1_053_WI_1_evaluation,control,HOBBIES,low,72
HOBBIES_1_054_CA_1_evaluation,treatment,HOBBIES,low,183
HOBBIES_1_066_TX_1_evaluation,control,HOBBIES,low,98
HOBBIES_1_070_CA_1_evaluation,treatment,HOBBIES,low,163
HOBBIES_1_091_WI_1_evaluation,control,HOBBIES,low,192
HOBBIES_1_094_WI_1_evaluation,treatment,HOBBIES,low,179
HOBBIES_1_111_TX_1_evaluation,treatment,HOBBIES,low,269
HOBBIES_1_113_CA_1_evaluation,treatment,HOBBIES,low,179
HOBBIES_1_113_TX_1_evaluation,treatment,HOBBIES,low,216
HOBBIES_1_117_TX_1_evaluation,treatment,HOBBIES,low,100
HOBBIES_1_123_TX_1_evaluation,control,HOBBIES,low,246
HOBBIES_1_135_WI_1_evaluation,treatment,HOBBIES,low,198
HOBBIES_1_138_TX_1_evaluation,control,HOBBIES,low,170
HOBBIES_1_160_TX_1_evaluation,treatment,HOBBIES,low,263
HOBBIES_1_163_TX_1_evaluation,treatment,HOBBIES,low,281
HOBBIES_1_163_WI_1_evaluation,treatment,HOBBIES,low,407
HOBBIES_1_168_CA_1_evaluation,control,HOBBIES,low,321
HOBBIES_1_174_TX_1_evaluation,treatment,HOBBIES,low,143
HOBBIES_1_180_WI_1_evaluation,control,HOBBIES,low,89
HOBBIES_1_181_WI_1_evaluation,treatment,HOBBIES,low,84
HOBBIES_1_184_TX_1_evaluation,control,HOBBIES,low,156
HOBBIES_1_186_CA_1_evaluation,control,HOBBIES,low,243
HOBBIES_1_188_CA_1_evaluation,treatment,HOBBIES,low,206
HOBBIES_1_190_TX_1_evaluation,control,HOBBIES,low,73
HOBBIES_1_210_CA_1_evaluation,treatment,HOBBIES,low,336
HOBBIES_1_212_CA_1_evaluation,control,HOBBIES,low,119
HOBBIES_1_214_CA_1_evaluation,treatment,HOBBIES,low,225
HOBBIES_1_214_TX_1_evaluation,treatment,HOBBIES,low,110
HOBBIES_1_214_WI_1_evaluation,control,HOBBIES,low,210
HOBBIES_1_218_CA_1_evaluation,treatment,HOBBIES,low,312
HOBBIES_1_218_TX_1_evaluation,control,HOBBIES,low,142
HOBBIES_1_219_TX_1_evaluation,treatment,HOBBIES,low,122
HOBBIES_1_219_WI_1_evaluation,control,HOBBIES,low,178
HOBBIES_1_221_TX_1_evaluation,control,HOBBIES,low,249
HOBBIES_1_223_TX_1_evaluation,control,HOBBIES,low,222
HOBBIES_1_230_WI_1_evaluation,treatment,HOBBIES,low,134
HOBBIES_1_243_CA_1_evaluation,treatment,HOBBIES,low,270
HOBBIES_1_247_WI_1_evaluation,control,HOBBIES,low,283
HOBBIES_1_253_TX_1_evaluation,control,HOBBIES,low,192
HOBBIES_1_259_WI_1_evaluation,treatment,HOBBIES,low,323
HOBBIES_1_262_TX_1_evaluation,control,HOBBIES,low,235
HOBBIES_1_271_CA_1_evaluation,treatment,HOBBIES,low,341
HOBBIES_1_271_WI_1_evaluation,treatment,HOBBIES,low,123
HOBBIES_1_272_WI_1_evaluation,treatment,HOBBIES,low,266
HOBBIES_1_283_WI_1_evaluation,control,HOBBIES,low,214
HOBBIES_1_284_TX_1_evaluation,treatment,HOBBIES,low,167
HOBBIES_1_285_TX_1_evaluation,control,HOBBIES,low,130
HOBBIES_1_289_TX_1_evaluation,treatment,HOBBIES,low,180
HOBBIES_1_292_WI_1_evaluation,treatment,HOBBIES,low,295
HOBBIES_1_293_TX_1_evaluation,control,HOBBIES,low,240
HOBBIES_1_294_TX_1_evaluation,control,HOBBIES,low,165
HOBBIES_1_299_WI_1_evaluation,treatment,HOBBIES,low,244
HOBBIES_1_302_CA_1_evaluation,control,HOBBIES,low,79
HOBBIES_1_314_CA_1_evaluation,control,HOBBIES,low,227
HOBBIES_1_318_CA_1_evaluation,treatment,HOBBIES,low,260
HOBBIES_1_325_CA_1_evaluation,control,HOBBIES,low,220
HOBBIES_1_325_WI_1_evaluation,control,HOBBIES,low,249
HOBBIES_1_335_TX_1_evaluation,control,HOBBIES,low,335
HOBBIES_1_335_WI_1_evaluation,control,HOBBIES,low,363
HOBBIES_1_352_TX_1_evaluation,treatment,HOBBIES,low,242
HOBBIES_1_355_TX_1_evaluation,control,HOBBIES,low,401
HOBBIES_1_359_WI_1_evaluation,control,HOBBIES,low,108
HOBBIES_1_375_WI_1_evaluation,treatment,HOBBIES,low,90
HOBBIES_1_377_WI_1_evaluation,control,HOBBIES,low,397
HOBBIES_1_385_TX_1_evaluation,control,HOBBIES,low,163
HOBBIES_1_386_WI_1_evaluation,treatment,HOBBIES,low,354
HOBBIES_1_392_WI_1_evaluation,control,HOBBIES,low,303
HOBBIES_1_401_TX_1_evaluation,control,HOBBIES,low,124
HOBBIES_1_402_TX_1_evaluation,control,HOBBIES,low,151
HOBBIES_1_403_TX_1_evaluation,control,HOBBIES,low,128
HOBBIES_1_406_CA_1_evaluation,control,HOBBIES,low,319
HOBBIES_1_422_TX_1_evaluation,treatment,HOBBIES,low,144
HOBBIES_2_001_TX_1_evaluation,control,HOBBIES,low,78
HOBBIES_2_003_WI_1_evaluation,treatment,HOBBIES,low,412
HOBBIES_2_005_CA_1_evaluation,treatment,HOBBIES,low,207
HOBBIES_2_005_TX_1_evaluation,control,HOBBIES,low,78
HOBBIES_2_005_WI_1_evaluation,control,HOBBIES,low,228
HOBBIES_2_010_WI_1_evaluation,control,HOBBIES,low,98
HOBBIES_2_012_CA_1_evaluation,treatment,HOBBIES,low,116
HOBBIES_2_012_WI_1_evaluation,treatment,HOBBIES,low,35
HOBBIES_2_014_TX_1_evaluation,control,HOBBIES,low,108
HOBBIES_2_020_TX_1_evaluation,treatment,HOBBIES,low,281
HOBBIES_2_020_WI_1_evaluation,treatment,HOBBIES,low,176
HOBBIES_2_023_CA_1_evaluation,control,HOBBIES,low,67
HOBBIES_2_025_CA_1_evaluation,control,HOBBIES,low,110
HOBBIES_2_028_TX_1_evaluation,treatment,HOBBIES,low,308
HOBBIES_2_030_CA_1_evaluation,control,HOBBIES,low,147
HOBBIES_2_031_WI_1_evaluation,control,HOBBIES,low,72
HOBBIES_2_037_CA_1_evaluation,control,HOBBIES,low,135
HOBBIES_2_039_WI_1_evaluation,control,HOBBIES,low,183
HOBBIES_2_040_WI_1_evaluation,treatment,HOBBIES,low,109
HOBBIES_2_041_TX_1_evaluation,treatment,HOBBIES,low,132
HOBBIES_2_046_CA_1_evaluation,treatment,HOBBIES,low,266
HOBBIES_2_049_TX_1_evaluation,treatment,HOBBIES,low,116
HOBBIES_2_050_WI_1_evaluation,control,HOBBIES,low,182
HOBBIES_2_054_TX_1_evaluation,treatment,HOBBIES,low,131
HOBBIES_2_055_TX_1_evaluation,treatment,HOBBIES,low,126
HOBBIES_2_065_WI_1_evaluation,treatment,HOBBIES,low,166
HOBBIES_2_071_CA_1_evaluation,control,HOBBIES,low,171
HOBBIES_2_071_WI_1_evaluation,treatment,HOBBIES,low,204
HOBBIES_2_073_CA_1_evaluation,treatment,HOBBIES,low,149
HOBBIES_2_074_CA_1_evaluation,control,HOBBIES,low,242
HOBBIES_2_074_TX_1_evaluation,control,HOBBIES,low,150
HOBBIES_2_077_CA_1_evaluation,treatment,HOBBIES,low,131
HOBBIES_2_079_TX_1_evaluation,control,HOBBIES,low,69
HOBBIES_2_080_TX_1_evaluation,treatment,HOBBIES,low,129
HOBBIES_2_080_WI_1_evaluation,treatment,HOBBIES,low,163
HOBBIES_2_082_WI_1_evaluation,control,HOBBIES,low,59
HOBBIES_2_084_TX_1_evaluation,control,HOBBIES,low,38
HOBBIES_2_087_TX_1_evaluation,control,HOBBIES,low,165
HOBBIES_2_092_WI_1_evaluation,control,HOBBIES,low,201
HOBBIES_2_093_TX_1_evaluation,treatment,HOBBIES,low,164
HOBBIES_2_095_CA_1_evaluation,control,HOBBIES,low,160
HOBBIES_2_095_TX_1_evaluation,treatment,HOBBIES,low,119
HOBBIES_2_096_WI_1_evaluation,control,HOBBIES,low,266
HOBBIES_2_099_CA_1_evaluation,treatment,HOBBIES,low,91
HOBBIES_2_101_CA_1_evaluation,control,HOBBIES,low,214
HOBBIES_2_106_TX_1_evaluation,control,HOBBIES,low,74
HOBBIES_2_107_TX_1_evaluation,treatment,HOBBIES,low,396
HOBBIES_2_108_CA_1_evaluation,treatment,HOBBIES,low,98
HOBBIES_2_111_TX_1_evaluation,treatment,HOBBIES,low,110
HOBBIES_2_114_CA_1_evaluation,treatment,HOBBIES,low,151
HOBBIES_2_116_WI_1_evaluation,control,HOBBIES,low,259
HOBBIES_2_121_CA_1_evaluation,control,HOBBIES,low,302
HOBBIES_2_121_WI_1_evaluation,control,HOBBIES,low,328
HOBBIES_2_127_TX_1_evaluation,treatment,HOBBIES,low,153
HOBBIES_2_128_CA_1_evaluation,treatment,HOBBIES,low,212
HOBBIES_2_130_CA_1_evaluation,control,HOBBIES,low,312
HOBBIES_2_130_WI_1_evaluation,control,HOBBIES,low,164
HOBBIES_2_135_CA_1_evaluation,control,HOBBIES,low,158
HOBBIES_2_137_CA_1_evaluation,control,HOBBIES,low,291
HOBBIES_2_139_CA_1_evaluation,treatment,HOBBIES,low,181
HOBBIES_2_139_TX_1_evaluation,control,HOBBIES,low,302
HOBBIES_2_148_TX_1_evaluation,control,HOBBIES,low,390
HOBBIES_2_149_WI_1_evaluation,control,HOBBIES,low,357
HOUSEHOLD_1_054_CA_1_evaluation,treatment,HOUSEHOLD,low,167
HOUSEHOLD_1_060_TX_1_evaluation,control,HOUSEHOLD,low,102
HOUSEHOLD_1_063_WI_1_evaluation,control,HOUSEHOLD,low,232
HOUSEHOLD_1_064_TX_1_evaluation,treatment,HOUSEHOLD,low,150
HOUSEHOLD_1_195_TX_1_evaluation,treatment,HOUSEHOLD,low,342
HOUSEHOLD_1_209_TX_1_evaluation,treatment,HOUSEHOLD,low,189
HOUSEHOLD_1_216_WI_1_evaluation,control,HOUSEHOLD,low,224
HOUSEHOLD_1_242_WI_1_evaluation,control,HOUSEHOLD,low,152
HOUSEHOLD_1_263_TX_1_evaluation,treatment,HOUSEHOLD,low,386
HOUSEHOLD_1_264_WI_1_evaluation,treatment,HOUSEHOLD,low,200
HOUSEHOLD_1_297_TX_1_evaluation,treatment,HOUSEHOLD,low,221
HOUSEHOLD_1_300_WI_1_evaluation,control,HOUSEHOLD,low,78
HOUSEHOLD_1_314_CA_1_evaluation,control,HOUSEHOLD,low,70
HOUSEHOLD_1_314_TX_1_evaluation,treatment,HOUSEHOLD,low,373
HOUSEHOLD_1_315_WI_1_evaluation,treatment,HOUSEHOLD,low,230
HOUSEHOLD_1_335_CA_1_evaluation,treatment,HOUSEHOLD,low,236
HOUSEHOLD_1_337_TX_1_evaluation,treatment,HOUSEHOLD,low,255
HOUSEHOLD_1_367_TX_1_evaluation,control,HOUSEHOLD,low,305
HOUSEHOLD_1_368_TX_1_evaluation,control,HOUSEHOLD,low,373
HOUSEHOLD_1_371_WI_1_evaluation,treatment,HOUSEHOLD,low,377
HOUSEHOLD_1_401_CA_1_evaluation,control,HOUSEHOLD,low,413
HOUSEHOLD_1_402_TX_1_evaluation,treatment,HOUSEHOLD,low,58
HOUSEHOLD_1_402_WI_1_evaluation,control,HOUSEHOLD,low,245
HOUSEHOLD_1_449_WI_1_evaluation,treatment,HOUSEHOLD,low,113
HOUSEHOLD_1_451_TX_1_evaluation,control,HOUSEHOLD,low,355
HOUSEHOLD_1_454_WI_1_evaluation,control,HOUSEHOLD,low,286
HOUSEHOLD_1_476_WI_1_evaluation,treatment,HOUSEHOLD,low,173
HOUSEHOLD_1_512_CA_1_evaluation,control,HOUSEHOLD,low,145
HOUSEHOLD_1_526_TX_1_evaluation,treatment,HOUSEHOLD,low,177
HOUSEHOLD_2_005_WI_1_evaluation,treatment,HOUSEHOLD,low,32
HOUSEHOLD_2_019_CA_1_evaluation,treatment,HOUSEHOLD,low,414
HOUSEHOLD_2_035_WI_1_evaluation,control,HOUSEHOLD,low,403
HOUSEHOLD_2_042_TX_1_evaluation,treatment,HOUSEHOLD,low,73
HOUSEHOLD_2_046_WI_1_evaluation,treatment,HOUSEHOLD,low,247
HOUSEHOLD_2_060_WI_1_evaluation,treatment,HOUSEHOLD,low,87
HOUSEHOLD_2_077_CA_1_evaluation,control,HOUSEHOLD,low,150
HOUSEHOLD_2_081_CA_1_evaluation,control,HOUSEHOLD,low,361
HOUSEHOLD_2_083_CA_1_evaluation,treatment,HOUSEHOLD,low,389
HOUSEHOLD_2_086_CA_1_evaluation,control,HOUSEHOLD,low,103
HOUSEHOLD_2_103_TX_1_evaluation,treatment,HOUSEHOLD,low,308
HOUSEHOLD_2_105_CA_1_evaluation,control,HOUSEHOLD,low,309
HOUSEHOLD_2_107_TX_1_evaluation,control,HOUSEHOLD,low,202
HOUSEHOLD_2_107_WI_1_evaluation,treatment,HOUSEHOLD,low,408
HOUSEHOLD_2_119_WI_1_evaluation,treatment,HOUSEHOLD,low,392
HOUSEHOLD_2_120_TX_1_evaluation,control,HOUSEHOLD,low,34
HOUSEHOLD_2_127_WI_1_evaluation,treatment,HOUSEHOLD,low,226
HOUSEHOLD_2_132_CA_1_evaluation,treatment,HOUSEHOLD,low,137
HOUSEHOLD_2_134_CA_1_evaluation,treatment,HOUSEHOLD,low,174
HOUSEHOLD_2_143_TX_1_evaluation,treatment,HOUSEHOLD,low,315
HOUSEHOLD_2_144_WI_1_evaluation,control,HOUSEHOLD,low,281
HOUSEHOLD_2_146_CA_1_evaluation,treatment,HOUSEHOLD,low,288
HOUSEHOLD_2_148_WI_1_evaluation,treatment,HOUSEHOLD,low,319
HOUSEHOLD_2_149_TX_1_evaluation,control,HOUSEHOLD,low,70
HOUSEHOLD_2_150_CA_1_evaluation,control,HOUSEHOLD,low,306
HOUSEHOLD_2_151_WI_1_evaluation,control,HOUSEHOLD,low,80
HOUSEHOLD_2_157_TX_1_evaluation,control,HOUSEHOLD,low,74
HOUSEHOLD_2_161_CA_1_evaluation,control,HOUSEHOLD,low,108
HOUSEHOLD_2_161_WI_1_evaluation,treatment,HOUSEHOLD,low,66
HOUSEHOLD_2_169_WI_1_evaluation,control,HOUSEHOLD,low,192
HOUSEHOLD_2_171_WI_1_evaluation,treatment,HOUSEHOLD,low,221
HOUSEHOLD_2_180_CA_1_evaluation,control,HOUSEHOLD,low,197
HOUSEHOLD_2_187_WI_1_evaluation,control,HOUSEHOLD,low,390
HOUSEHOLD_2_188_TX_1_evaluation,treatment,HOUSEHOLD,low,347
HOUSEHOLD_2_195_TX_1_evaluation,treatment,HOUSEHOLD,low,348
HOUSEHOLD_2_206_WI_1_evaluation,control,HOUSEHOLD,low,365
HOUSEHOLD_2_208_TX_1_evaluation,control,HOUSEHOLD,low,152
HOUSEHOLD_2_216_WI_1_evaluation,treatment,HOUSEHOLD,low,43
HOUSEHOLD_2_224_WI_1_evaluation,control,HOUSEHOLD,low,301
HOUSEHOLD_2_242_CA_1_evaluation,treatment,HOUSEHOLD,low,258
HOUSEHOLD_2_243_WI_1_evaluation,treatment,HOUSEHOLD,low,101
HOUSEHOLD_2_248_TX_1_evaluation,control,HOUSEHOLD,low,319
HOUSEHOLD_2_252_TX_1_evaluation,treatment,HOUSEHOLD,low,208
HOUSEHOLD_2_261_TX_1_evaluation,treatment,HOUSEHOLD,low,349
HOUSEHOLD_2_263_CA_1_evaluation,control,HOUSEHOLD,low,94
HOUSEHOLD_2_265_TX_1_evaluation,control,HOUSEHOLD,low,374
HOUSEHOLD_2_265_WI_1_evaluation,treatment,HOUSEHOLD,low,258
HOUSEHOLD_2_271_WI_1_evaluation,control,HOUSEHOLD,low,324
HOUSEHOLD_2_272_TX_1_evaluation,control,HOUSEHOLD,low,228
HOUSEHOLD_2_277_WI_1_evaluation,treatment,HOUSEHOLD,low,162
HOUSEHOLD_2_280_CA_1_evaluation,treatment,HOUSEHOLD,low,263
HOUSEHOLD_2_286_TX_1_evaluation,treatment,HOUSEHOLD,low,84
HOUSEHOLD_2_302_WI_1_evaluation,control,HOUSEHOLD,low,163
HOUSEHOLD_2_303_TX_1_evaluation,treatment,HOUSEHOLD,low,189
HOUSEHOLD_2_318_CA_1_evaluation,control,HOUSEHOLD,low,74
HOUSEHOLD_2_332_WI_1_evaluation,treatment,HOUSEHOLD,low,295
HOUSEHOLD_2_338_TX_1_evaluation,control,HOUSEHOLD,low,21
HOUSEHOLD_2_339_CA_1_evaluation,treatment,HOUSEHOLD,low,264
HOUSEHOLD_2_346_WI_1_evaluation,control,HOUSEHOLD,low,277
HOUSEHOLD_2_357_TX_1_evaluation,treatment,HOUSEHOLD,low,145
HOUSEHOLD_2_378_CA_1_evaluation,control,HOUSEHOLD,low,392
HOUSEHOLD_2_381_CA_1_evaluation,control,HOUSEHOLD,low,112
HOUSEHOLD_2_392_CA_1_evaluation,treatment,HOUSEHOLD,low,99
HOUSEHOLD_2_392_WI_1_evaluation,control,HOUSEHOLD,low,90
HOUSEHOLD_2_393_WI_1_evaluation,treatment,HOUSEHOLD,low,144
HOUSEHOLD_2_396_CA_1_evaluation,treatment,HOUSEHOLD,low,79
HOUSEHOLD_2_414_TX_1_evaluation,control,HOUSEHOLD,low,100
HOUSEHOLD_2_417_TX_1_evaluation,treatment,HOUSEHOLD,low,256
HOUSEHOLD_2_422_WI_1_evaluation,treatment,HOUSEHOLD,low,175
HOUSEHOLD_2_424_TX_1_evaluation,treatment,HOUSEHOLD,low,401
HOUSEHOLD_2_445_WI_1_evaluation,treatment,HOUSEHOLD,low,302
HOUSEHOLD_2_459_TX_1_evaluation,treatment,HOUSEHOLD,low,102
HOUSEHOLD_2_461_TX_1_evaluation,control,HOUSEHOLD,low,204
HOUSEHOLD_2_476_WI_1_evaluation,control,HOUSEHOLD,low,91
HOUSEHOLD_2_479_TX_1_evaluation,treatment,HOUSEHOLD,low,414
HOUSEHOLD_2_486_TX_1_evaluation,treatment,HOUSEHOLD,low,324
HOUSEHOLD_2_489_WI_1_evaluation,control,HOUSEHOLD,low,133
HOUSEHOLD_2_497_CA_1_evaluation,control,HOUSEHOLD,low,339
HOUSEHOLD_2_499_TX_1_evaluation,control,HOUSEHOLD,low,231
HOUSEHOLD_2_501_TX_1_evaluation,control,HOUSEHOLD,low,191
HOUSEHOLD_2_502_TX_1_evaluation,treatment,HOUSEHOLD,low,88
HOUSEHOLD_2_504_WI_1_evaluation,treatment,HOUSEHOLD,low,238
HOUSEHOLD_2_515_TX_1_evaluation,treatment,HOUSEHOLD,low,110
HOUSEHOLD_2_516_CA_1_evaluation,treatment,HOUSEHOLD,low,303
FOODS_1_009_CA_1_evaluation,treatment,FOODS,mid,888
FOODS_1_048_TX_1_evaluation,control,FOODS,mid,670
FOODS_1_051_CA_1_evaluation,control,FOODS,mid,950
FOODS_1_051_WI_1_evaluation,control,FOODS,mid,1190
FOODS_1_062_CA_1_evaluation,control,FOODS,mid,1041
FOODS_1_069_WI_1_evaluation,control,FOODS,mid,986
FOODS_1_107_WI_1_evaluation,treatment,FOODS,mid,481
FOODS_1_109_WI_1_evaluation,treatment,FOODS,mid,976
FOODS_1_128_WI_1_evaluation,control,FOODS,mid,1157
FOODS_1_143_TX_1_evaluation,treatment,FOODS,mid,748
FOODS_1_167_TX_1_evaluation,control,FOODS,mid,695
FOODS_1_168_WI_1_evaluation,control,FOODS,mid,1157
FOODS_1_175_TX_1_evaluation,treatment,FOODS,mid,877
FOODS_1_193_TX_1_evaluation,control,FOODS,mid,608
FOODS_1_203_TX_1_evaluation,control,FOODS,mid,1069
FOODS_1_216_WI_1_evaluation,treatment,FOODS,mid,1086
FOODS_2_002_TX_1_evaluation,control,FOODS,mid,823
FOODS_2_039_WI_1_evaluation,control,FOODS,mid,492
FOODS_2_049_CA_1_evaluation,treatment,FOODS,mid,1136
FOODS_2_050_TX_1_evaluation,control,FOODS,mid,700
FOODS_2_060_WI_1_evaluation,treatment,FOODS,mid,1014
FOODS_2_072_WI_1_evaluation,control,FOODS,mid,1128
FOODS_2_079_WI_1_evaluation,treatment,FOODS,mid,706
FOODS_2_087_CA_1_evaluation,control,FOODS,mid,430
FOODS_2_091_TX_1_evaluation,control,FOODS,mid,608
FOODS_2_124_WI_1_evaluation,treatment,FOODS,mid,1038
FOODS_2_132_CA_1_evaluation,control,FOODS,mid,868
FOODS_2_133_CA_1_evaluation,treatment,FOODS,mid,993
FOODS_2_136_CA_1_evaluation,control,FOODS,mid,516
FOODS_2_157_WI_1_evaluation,treatment,FOODS,mid,672
FOODS_2_165_WI_1_evaluation,treatment,FOODS,mid,438
FOODS_2_190_CA_1_evaluation,control,FOODS,mid,962
FOODS_2_198_WI_1_evaluation,control,FOODS,mid,1009
FOODS_2_201_TX_1_evaluation,control,FOODS,mid,1098
FOODS_2_203_WI_1_evaluation,treatment,FOODS,mid,1007
FOODS_2_220_TX_1_evaluation,treatment,FOODS,mid,660
FOODS_2_229_WI_1_evaluation,treatment,FOODS,mid,949
FOODS_2_230_TX_1_evaluation,control,FOODS,mid,970
FOODS_2_232_TX_1_evaluation,treatment,FOODS,mid,762
FOODS_2_250_CA_1_evaluation,control,FOODS,mid,842
FOODS_2_298_TX_1_evaluation,treatment,FOODS,mid,487
FOODS_2_303_WI_1_evaluation,control,FOODS,mid,830
FOODS_2_306_TX_1_evaluation,control,FOODS,mid,1144
FOODS_2_308_WI_1_evaluation,control,FOODS,mid,746
FOODS_2_314_TX_1_evaluation,control,FOODS,mid,521
FOODS_2_317_CA_1_evaluation,treatment,FOODS,mid,523
FOODS_2_328_WI_1_evaluation,treatment,FOODS,mid,567
FOODS_2_340_TX_1_evaluation,control,FOODS,mid,675
FOODS_2_351_WI_1_evaluation,treatment,FOODS,mid,807
FOODS_2_355_TX_1_evaluation,control,FOODS,mid,533
FOODS_2_375_TX_1_evaluation,control,FOODS,mid,1100
FOODS_2_375_WI_1_evaluation,treatment,FOODS,mid,1110
FOODS_2_394_WI_1_evaluation,control,FOODS,mid,840
FOODS_3_013_TX_1_evaluation,treatment,FOODS,mid,599
FOODS_3_024_TX_1_evaluation,control,FOODS,mid,1086
FOODS_3_027_TX_1_evaluation,treatment,FOODS,mid,741
FOODS_3_085_CA_1_evaluation,control,FOODS,mid,575
FOODS_3_143_WI_1_evaluation,control,FOODS,mid,490
FOODS_3_145_CA_1_evaluation,control,FOODS,mid,733
FOODS_3_160_WI_1_evaluation,treatment,FOODS,mid,1102
FOODS_3_235_CA_1_evaluation,treatment,FOODS,mid,1064
FOODS_3_248_TX_1_evaluation,treatment,FOODS,mid,846
FOODS_3_261_CA_1_evaluation,treatment,FOODS,mid,1182
FOODS_3_268_CA_1_evaluation,control,FOODS,mid,676
FOODS_3_336_TX_1_evaluation,control,FOODS,mid,1060
FOODS_3_357_WI_1_evaluation,control,FOODS,mid,1179
FOODS_3_361_CA_1_evaluation,treatment,FOODS,mid,1177
FOODS_3_366_WI_1_evaluation,control,FOODS,mid,514
FOODS_3_375_WI_1_evaluation,treatment,FOODS,mid,1021
FOODS_3_397_CA_1_evaluation,control,FOODS,mid,870
FOODS_3_410_TX_1_evaluation,treatment,FOODS,mid,611
FOODS_3_414_TX_1_evaluation,treatment,FOODS,mid,417
FOODS_3_428_WI_1_evaluation,treatment,FOODS,mid,1020
FOODS_3_429_CA_1_evaluation,control,FOODS,mid,1201
FOODS_3_429_TX_1_evaluation,control,FOODS,mid,568
FOODS_3_430_CA_1_evaluation,control,FOODS,mid,617
FOODS_3_437_TX_1_evaluation,treatment,FOODS,mid,1113
FOODS_3_437_WI_1_evaluation,treatment,FOODS,mid,870
FOODS_3_447_CA_1_evaluation,treatment,FOODS,mid,1194
FOODS_3_486_WI_1_evaluation,control,FOODS,mid,815
FOODS_3_549_WI_1_evaluation,treatment,FOODS,mid,445
FOODS_3_554_CA_1_evaluation,control,FOODS,mid,721
FOODS_3_556_WI_1_evaluation,control,FOODS,mid,585
FOODS_3_579_WI_1_evaluation,treatment,FOODS,mid,727
FOODS_3_583_TX_1_evaluation,control,FOODS,mid,833
FOODS_3_620_CA_1_evaluation,control,FOODS,mid,1037
FOODS_3_640_CA_1_evaluation,treatment,FOODS,mid,1193
FOODS_3_653_TX_1_evaluation,control,FOODS,mid,1024
FOODS_3_662_TX_1_evaluation,control,FOODS,mid,431
FOODS_3_666_TX_1_evaluation,control,FOODS,mid,1073
FOODS_3_667_TX_1_evaluation,treatment,FOODS,mid,438
FOODS_3_676_WI_1_evaluation,treatment,FOODS,mid,1059
FOODS_3_677_TX_1_evaluation,treatment,FOODS,mid,1078
FOODS_3_701_WI_1_evaluation,control,FOODS,mid,519
FOODS_3_710_WI_1_evaluation,treatment,FOODS,mid,416
FOODS_3_762_CA_1_evaluation,treatment,FOODS,mid,569
FOODS_3_770_TX_1_evaluation,treatment,FOODS,mid,953
HOBBIES_1_009_TX_1_evaluation,control,HOBBIES,mid,1190
HOBBIES_1_022_TX_1_evaluation,treatment,HOBBIES,mid,465
HOBBIES_1_024_WI_1_evaluation,control,HOBBIES,mid,729
HOBBIES_1_034_TX_1_evaluation,treatment,HOBBIES,mid,956
HOBBIES_1_035_WI_1_evaluation,control,HOBBIES,mid,779
HOBBIES_1_038_CA_1_evaluation,treatment,HOBBIES,mid,728
HOBBIES_1_038_WI_1_evaluation,control,HOBBIES,mid,479
HOBBIES_1_044_TX_1_evaluation,control,HOBBIES,mid,568
HOBBIES_1_050_TX_1_evaluation,control,HOBBIES,mid,442
HOBBIES_1_058_CA_1_evaluation,treatment,HOBBIES,mid,834
HOBBIES_1_068_TX_1_evaluation,treatment,HOBBIES,mid,617
HOBBIES_1_069_WI_1_evaluation,treatment,HOBBIES,mid,415
HOBBIES_1_076_CA_1_evaluation,control,HOBBIES,mid,1082
HOBBIES_1_076_TX_1_evaluation,control,HOBBIES,mid,1127
HOBBIES_1_077_CA_1_evaluation,treatment,HOBBIES,mid,442
HOBBIES_1_084_TX_1_evaluation,treatment,HOBBIES,mid,889
HOBBIES_1_084_WI_1_evaluation,treatment,HOBBIES,mid,1205
HOBBIES_1_088_CA_1_evaluation,control,HOBBIES,mid,841
HOBBIES_1_088_WI_1_evaluation,treatment,HOBBIES,mid,983
HOBBIES_1_092_WI_1_evaluation,treatment,HOBBIES,mid,912
HOBBIES_1_094_CA_1_evaluation,control,HOBBIES,mid,623
HOBBIES_1_095_WI_1_evaluation,control,HOBBIES,mid,725
HOBBIES_1_098_CA_1_evaluation,control,HOBBIES,mid,828
HOBBIES_1_099_WI_1_evaluation,treatment,HOBBIES,mid,969
HOBBIES_1_100_WI_1_evaluation,control,HOBBIES,mid,723
HOBBIES_1_107_WI_1_evaluation,treatment,HOBBIES,mid,488
HOBBIES_1_122_CA_1_evaluation,treatment,HOBBIES,mid,1039
HOBBIES_1_127_TX_1_evaluation,treatment,HOBBIES,mid,453
HOBBIES_1_139_CA_1_evaluation,control,HOBBIES,mid,671
HOBBIES_1_144_TX_1_evaluation,control,HOBBIES,mid,512
HOBBIES_1_152_WI_1_evaluation,treatment,HOBBIES,mid,492
HOBBIES_1_157_WI_1_evaluation,treatment,HOBBIES,mid,950
HOBBIES_1_195_CA_1_evaluation,control,HOBBIES,mid,1188
HOBBIES_1_207_WI_1_evaluation,control,HOBBIES,mid,695
HOBBIES_1_215_WI_1_evaluation,treatment,HOBBIES,mid,612
HOBBIES_1_237_TX_1_evaluation,treatment,HOBBIES,mid,864
HOBBIES_1_247_CA_1_evaluation,control,HOBBIES,mid,670
HOBBIES_1_253_WI_1_evaluation,treatment,HOBBIES,mid,780
HOBBIES_1_255_WI_1_evaluation,treatment,HOBBIES,mid,901
HOBBIES_1_257_TX_1_evaluation,treatment,HOBBIES,mid,505
HOBBIES_1_260_CA_1_evaluation,treatment,HOBBIES,mid,922
HOBBIES_1_266_CA_1_evaluation,treatment,HOBBIES,mid,1081
HOBBIES_1_273_WI_1_evaluation,control,HOBBIES,mid,962
HOBBIES_1_275_WI_1_evaluation,treatment,HOBBIES,mid,457
HOBBIES_1_279_WI_1_evaluation,control,HOBBIES,mid,521
HOBBIES_1_280_TX_1_evaluation,control,HOBBIES,mid,462
HOBBIES_1_287_TX_1_evaluation,treatment,HOBBIES,mid,450
HOBBIES_1_289_WI_1_evaluation,treatment,HOBBIES,mid,1084
HOBBIES_1_292_CA_1_evaluation,treatment,HOBBIES,mid,436
HOBBIES_1_308_TX_1_evaluation,treatment,HOBBIES,mid,545
HOBBIES_1_310_TX_1_evaluation,treatment,HOBBIES,mid,445
HOBBIES_1_313_WI_1_evaluation,treatment,HOBBIES,mid,1006
HOBBIES_1_323_WI_1_evaluation,control,HOBBIES,mid,1000
HOBBIES_1_326_TX_1_evaluation,treatment,HOBBIES,mid,525
HOBBIES_1_329_WI_1_evaluation,treatment,HOBBIES,mid,679
HOBBIES_1_331_CA_1_evaluation,treatment,HOBBIES,mid,568
HOBBIES_1_334_CA_1_evaluation,control,HOBBIES,mid,658
HOBBIES_1_334_WI_1_evaluation,control,HOBBIES,mid,528
HOBBIES_1_349_TX_1_evaluation,treatment,HOBBIES,mid,561
HOBBIES_1_357_WI_1_evaluation,treatment,HOBBIES,mid,528
HOBBIES_1_362_WI_1_evaluation,treatment,HOBBIES,mid,508
HOBBIES_1_367_WI_1_evaluation,treatment,HOBBIES,mid,1041
HOBBIES_1_373_WI_1_evaluation,treatment,HOBBIES,mid,1006
HOBBIES_1_382_CA_1_evaluation,control,HOBBIES,mid,1171
HOBBIES_1_388_TX_1_evaluation,treatment,HOBBIES,mid,1188
HOBBIES_1_397_TX_1_evaluation,control,HOBBIES,mid,600
HOBBIES_1_397_WI_1_evaluation,control,HOBBIES,mid,539
HOBBIES_1_407_TX_1_evaluation,treatment,HOBBIES,mid,986
HOBBIES_1_413_TX_1_evaluation,treatment,HOBBIES,mid,1038
HOBBIES_1_414_CA_1_evaluation,control,HOBBIES,mid,717
HOBBIES_1_419_WI_1_evaluation,control,HOBBIES,mid,860
HOBBIES_1_421_CA_1_evaluation,treatment,HOBBIES,mid,1185
HOBBIES_2_002_CA_1_evaluation,control,HOBBIES,mid,435
HOBBIES_2_002_TX_1_evaluation,control,HOBBIES,mid,415
HOBBIES_2_007_TX_1_evaluation,control,HOBBIES,mid,481
HOBBIES_2_007_WI_1_evaluation,control,HOBBIES,mid,664
HOBBIES_2_009_WI_1_evaluation,treatment,HOBBIES,mid,443
HOBBIES_2_011_CA_1_evaluation,control,HOBBIES,mid,519
HOBBIES_2_029_WI_1_evaluation,treatment,HOBBIES,mid,715
HOBBIES_2_043_CA_1_evaluation,treatment,HOBBIES,mid,732
HOBBIES_2_063_WI_1_evaluation,treatment,HOBBIES,mid,453
HOBBIES_2_076_WI_1_evaluation,treatment,HOBBIES,mid,732
HOBBIES_2_085_CA_1_evaluation,treatment,HOBBIES,mid,615
HOBBIES_2_100_CA_1_evaluation,treatment,HOBBIES,mid,565
HOBBIES_2_107_WI_1_evaluation,control,HOBBIES,mid,618
HOBBIES_2_115_WI_1_evaluation,control,HOBBIES,mid,718
HOBBIES_2_117_WI_1_evaluation,control,HOBBIES,mid,622
HOBBIES_2_120_CA_1_evaluation,treatment,HOBBIES,mid,645
HOBBIES_2_120_TX_1_evaluation,treatment,HOBBIES,mid,681
HOBBIES_2_124_TX_1_evaluation,treatment,HOBBIES,mid,597
HOBBIES_2_131_TX_1_evaluation,treatment,HOBBIES,mid,815
HOBBIES_2_131_WI_1_evaluation,treatment,HOBBIES,mid,441
HOBBIES_2_133_WI_1_evaluation,treatment,HOBBIES,mid,605
HOUSEHOLD_1_037_WI_1_evaluation,control,HOUSEHOLD,mid,704
HOUSEHOLD_1_046_WI_1_evaluation,control,HOUSEHOLD,mid,860
HOUSEHOLD_1_049_TX_1_evaluation,treatment,HOUSEHOLD,mid,790
HOUSEHOLD_1_052_CA_1_evaluation,treatment,HOUSEHOLD,mid,540
HOUSEHOLD_1_074_TX_1_evaluation,control,HOUSEHOLD,mid,1183
HOUSEHOLD_1_127_WI_1_evaluation,control,HOUSEHOLD,mid,583
HOUSEHOLD_1_144_CA_1_evaluation,control,HOUSEHOLD,mid,564
HOUSEHOLD_1_144_WI_1_evaluation,control,HOUSEHOLD,mid,630
HOUSEHOLD_1_146_TX_1_evaluation,control,HOUSEHOLD,mid,1167
HOUSEHOLD_1_154_CA_1_evaluation,treatment,HOUSEHOLD,mid,985
HOUSEHOLD_1_155_WI_1_evaluation,control,HOUSEHOLD,mid,605
HOUSEHOLD_1_170_TX_1_evaluation,control,HOUSEHOLD,mid,1201
HOUSEHOLD_1_181_TX_1_evaluation,control,HOUSEHOLD,mid,787
HOUSEHOLD_1_193_TX_1_evaluation,control,HOUSEHOLD,mid,547
HOUSEHOLD_1_200_CA_1_evaluation,control,HOUSEHOLD,mid,778
HOUSEHOLD_1_200_TX_1_evaluation,treatment,HOUSEHOLD,mid,859
HOUSEHOLD_1_205_CA_1_evaluation,control,HOUSEHOLD,mid,1088
HOUSEHOLD_1_211_CA_1_evaluation,treatment,HOUSEHOLD,mid,1027
HOUSEHOLD_1_219_WI_1_evaluation,control,HOUSEHOLD,mid,606
HOUSEHOLD_1_231_CA_1_evaluation,control,HOUSEHOLD,mid,677
HOUSEHOLD_1_232_TX_1_evaluation,control,HOUSEHOLD,mid,807
HOUSEHOLD_1_237_WI_1_evaluation,treatment,HOUSEHOLD,mid,512
HOUSEHOLD_1_241_TX_1_evaluation,control,HOUSEHOLD,mid,803
HOUSEHOLD_1_249_TX_1_evaluation,treatment,HOUSEHOLD,mid,654
HOUSEHOLD_1_265_TX_1_evaluation,control,HOUSEHOLD,mid,728
HOUSEHOLD_1_267_CA_1_evaluation,control,HOUSEHOLD,mid,505
HOUSEHOLD_1_268_CA_1_evaluation,treatment,HOUSEHOLD,mid,1028
HOUSEHOLD_1_270_WI_1_evaluation,treatment,HOUSEHOLD,mid,556
HOUSEHOLD_1_271_TX_1_evaluation,treatment,HOUSEHOLD,mid,444
HOUSEHOLD_1_288_WI_1_evaluation,control,HOUSEHOLD,mid,527
HOUSEHOLD_1_298_TX_1_evaluation,control,HOUSEHOLD,mid,1179
HOUSEHOLD_1_299_TX_1_evaluation,control,HOUSEHOLD,mid,731
HOUSEHOLD_1_322_WI_1_evaluation,treatment,HOUSEHOLD,mid,832
HOUSEHOLD_1_325_WI_1_evaluation,treatment,HOUSEHOLD,mid,1178
HOUSEHOLD_1_336_WI_1_evaluation,treatment,HOUSEHOLD,mid,682
HOUSEHOLD_1_337_CA_1_evaluation,control,HOUSEHOLD,mid,748
HOUSEHOLD_1_373_WI_1_evaluation,treatment,HOUSEHOLD,mid,1044
HOUSEHOLD_1_377_WI_1_evaluation,control,HOUSEHOLD,mid,1163
HOUSEHOLD_1_382_TX_1_evaluation,control,HOUSEHOLD,mid,852
HOUSEHOLD_1_384_WI_1_evaluation,control,HOUSEHOLD,mid,436
HOUSEHOLD_1_394_CA_1_evaluation,control,HOUSEHOLD,mid,832
HOUSEHOLD_1_405_WI_1_evaluation,treatment,HOUSEHOLD,mid,633
HOUSEHOLD_1_406_CA_1_evaluation,control,HOUSEHOLD,mid,930
HOUSEHOLD_1_408_WI_1_evaluation,treatment,HOUSEHOLD,mid,959
HOUSEHOLD_1_412_TX_1_evaluation,control,HOUSEHOLD,mid,1095
HOUSEHOLD_1_421_TX_1_evaluation,treatment,HOUSEHOLD,mid,702
HOUSEHOLD_1_421_WI_1_evaluation,control,HOUSEHOLD,mid,771
HOUSEHOLD_1_440_WI_1_evaluation,treatment,HOUSEHOLD,mid,667
HOUSEHOLD_1_450_WI_1_evaluation,control,HOUSEHOLD,mid,1033
HOUSEHOLD_1_455_TX_1_evaluation,control,HOUSEHOLD,mid,442
HOUSEHOLD_1_464_CA_1_evaluation,treatment,HOUSEHOLD,mid,591
HOUSEHOLD_1_464_TX_1_evaluation,control,HOUSEHOLD,mid,500
HOUSEHOLD_1_479_TX_1_evaluation,control,HOUSEHOLD,mid,836
HOUSEHOLD_1_480_WI_1_evaluation,treatment,HOUSEHOLD,mid,722
HOUSEHOLD_1_483_CA_1_evaluation,treatment,HOUSEHOLD,mid,522
HOUSEHOLD_1_486_TX_1_evaluation,treatment,HOUSEHOLD,mid,1016
HOUSEHOLD_1_492_TX_1_evaluation,treatment,HOUSEHOLD,mid,566
HOUSEHOLD_1_495_WI_1_evaluation,control,HOUSEHOLD,mid,508
HOUSEHOLD_1_504_CA_1_evaluation,control,HOUSEHOLD,mid,576
HOUSEHOLD_1_513_TX_1_evaluation,treatment,HOUSEHOLD,mid,954
HOUSEHOLD_1_518_WI_1_evaluation,treatment,HOUSEHOLD,mid,573
HOUSEHOLD_1_519_WI_1_evaluation,treatment,HOUSEHOLD,mid,1082
HOUSEHOLD_1_538_TX_1_evaluation,control,HOUSEHOLD,mid,818
HOUSEHOLD_2_030_CA_1_evaluation,control,HOUSEHOLD,mid,874
HOUSEHOLD_2_039_CA_1_evaluation,control,HOUSEHOLD,mid,447
HOUSEHOLD_2_047_CA_1_evaluation,treatment,HOUSEHOLD,mid,978
HOUSEHOLD_2_050_CA_1_evaluation,treatment,HOUSEHOLD,mid,649
HOUSEHOLD_2_052_CA_1_evaluation,control,HOUSEHOLD,mid,754
HOUSEHOLD_2_052_TX_1_evaluation,treatment,HOUSEHOLD,mid,496
HOUSEHOLD_2_070_WI_1_evaluation,control,HOUSEHOLD,mid,552
HOUSEHOLD_2_079_CA_1_evaluation,treatment,HOUSEHOLD,mid,596
HOUSEHOLD_2_084_TX_1_evaluation,treatment,HOUSEHOLD,mid,724
HOUSEHOLD_2_096_CA_1_evaluation,treatment,HOUSEHOLD,mid,837
HOUSEHOLD_2_102_TX_1_evaluation,control,HOUSEHOLD,mid,741
HOUSEHOLD_2_104_CA_1_evaluation,control,HOUSEHOLD,mid,454
HOUSEHOLD_2_113_TX_1_evaluation,control,HOUSEHOLD,mid,657
HOUSEHOLD_2_115_WI_1_evaluation,control,HOUSEHOLD,mid,908
HOUSEHOLD_2_117_WI_1_evaluation,control,HOUSEHOLD,mid,726
HOUSEHOLD_2_159_CA_1_evaluation,treatment,HOUSEHOLD,mid,746
HOUSEHOLD_2_203_WI_1_evaluation,treatment,HOUSEHOLD,mid,792
HOUSEHOLD_2_213_CA_1_evaluation,control,HOUSEHOLD,mid,1208
HOUSEHOLD_2_222_TX_1_evaluation,control,HOUSEHOLD,mid,806
HOUSEHOLD_2_225_WI_1_evaluation,control,HOUSEHOLD,mid,806
HOUSEHOLD_2_228_CA_1_evaluation,treatment,HOUSEHOLD,mid,667
HOUSEHOLD_2_241_CA_1_evaluation,control,HOUSEHOLD,mid,940
HOUSEHOLD_2_249_WI_1_evaluation,treatment,HOUSEHOLD,mid,425
HOUSEHOLD_2_250_CA_1_evaluation,control,HOUSEHOLD,mid,849
HOUSEHOLD_2_251_WI_1_evaluation,control,HOUSEHOLD,mid,465
HOUSEHOLD_2_255_CA_1_evaluation,treatment,HOUSEHOLD,mid,468
HOUSEHOLD_2_257_TX_1_evaluation,treatment,HOUSEHOLD,mid,444
HOUSEHOLD_2_262_TX_1_evaluation,control,HOUSEHOLD,mid,658
HOUSEHOLD_2_268_TX_1_evaluation,treatment,HOUSEHOLD,mid,461
HOUSEHOLD_2_282_CA_1_evaluation,treatment,HOUSEHOLD,mid,853
HOUSEHOLD_2_288_CA_1_evaluation,control,HOUSEHOLD,mid,928
HOUSEHOLD_2_295_CA_1_evaluation,treatment,HOUSEHOLD,mid,746
HOUSEHOLD_2_295_TX_1_evaluation,treatment,HOUSEHOLD,mid,907
HOUSEHOLD_2_344_CA_1_evaluation,control,HOUSEHOLD,mid,674
HOUSEHOLD_2_350_CA_1_evaluation,control,HOUSEHOLD,mid,1210
HOUSEHOLD_2_352_WI_1_evaluation,treatment,HOUSEHOLD,mid,659
HOUSEHOLD_2_368_WI_1_evaluation,control,HOUSEHOLD,mid,490
HOUSEHOLD_2_388_CA_1_evaluation,treatment,HOUSEHOLD,mid,1084
HOUSEHOLD_2_389_WI_1_evaluation,treatment,HOUSEHOLD,mid,677
HOUSEHOLD_2_424_WI_1_evaluation,control,HOUSEHOLD,mid,496
HOUSEHOLD_2_431_WI_1_evaluation,treatment,HOUSEHOLD,mid,437
HOUSEHOLD_2_439_TX_1_evaluation,control,HOUSEHOLD,mid,589
HOUSEHOLD_2_457_CA_1_evaluation,control,HOUSEHOLD,mid,797
HOUSEHOLD_2_467_WI_1_evaluation,treatment,HOUSEHOLD,mid,886
HOUSEHOLD_2_472_TX_1_evaluation,treatment,HOUSEHOLD,mid,893
HOUSEHOLD_2_498_CA_1_evaluation,control,HOUSEHOLD,mid,474
FOODS_1_005_WI_1_evaluation,control,FOODS,high,1800
FOODS_1_006_CA_1_evaluation,control,FOODS,high,2776
FOODS_1_018_CA_1_evaluation,treatment,FOODS,high,18015
FOODS_1_020_WI_1_evaluation,control,FOODS,high,3309
FOODS_1_042_TX_1_evaluation,control,FOODS,high,5704
FOODS_1_045_TX_1_evaluation,treatment,FOODS,high,1791
FOODS_1_047_TX_1_evaluation,treatment,FOODS,high,1772
FOODS_1_076_CA_1_evaluation,treatment,FOODS,high,1415
FOODS_1_082_WI_1_evaluation,treatment,FOODS,high,7987
FOODS_1_083_TX_1_evaluation,treatment,FOODS,high,2374
FOODS_1_097_TX_1_evaluation,treatment,FOODS,high,1832
FOODS_1_121_WI_1_evaluation,treatment,FOODS,high,1969
FOODS_1_130_TX_1_evaluation,control,FOODS,high,1304
FOODS_1_133_CA_1_evaluation,control,FOODS,high,1602
FOODS_1_139_CA_1_evaluation,control,FOODS,high,3477
FOODS_1_152_TX_1_evaluation,treatment,FOODS,high,1430
FOODS_1_161_CA_1_evaluation,control,FOODS,high,16268
FOODS_1_181_CA_1_evaluation,treatment,FOODS,high,3432
FOODS_1_181_TX_1_evaluation,control,FOODS,high,1744
FOODS_1_182_WI_1_evaluation,control,FOODS,high,1470
FOODS_1_184_WI_1_evaluation,treatment,FOODS,high,5651
FOODS_1_200_CA_1_evaluation,treatment,FOODS,high,5020
FOODS_1_200_WI_1_evaluation,control,FOODS,high,2729
FOODS_1_208_TX_1_evaluation,treatment,FOODS,high,1821
FOODS_2_003_CA_1_evaluation,treatment,FOODS,high,2738
FOODS_2_026_WI_1_evaluation,treatment,FOODS,high,3573
FOODS_2_032_TX_1_evaluation,treatment,FOODS,high,2267
FOODS_2_034_TX_1_evaluation,treatment,FOODS,high,3266
FOODS_2_034_WI_1_evaluation,control,FOODS,high,1814
FOODS_2_055_CA_1_evaluation,treatment,FOODS,high,1456
FOODS_2_067_CA_1_evaluation,control,FOODS,high,1685
FOODS_2_081_CA_1_evaluation,control,FOODS,high,3040
FOODS_2_103_WI_1_evaluation,control,FOODS,high,1767
FOODS_2_135_WI_1_evaluation,control,FOODS,high,1609
FOODS_2_139_TX_1_evaluation,control,FOODS,high,2149
FOODS_2_142_TX_1_evaluation,control,FOODS,high,1547
FOODS_2_152_TX_1_evaluation,treatment,FOODS,high,9213
FOODS_2_153_WI_1_evaluation,treatment,FOODS,high,2212
FOODS_2_164_CA_1_evaluation,treatment,FOODS,high,4784
FOODS_2_170_CA_1_evaluation,control,FOODS,high,2581
FOODS_2_172_WI_1_evaluation,control,FOODS,high,1364
FOODS_2_197_CA_1_evaluation,treatment,FOODS,high,39704
FOODS_2_204_TX_1_evaluation,treatment,FOODS,high,7645
FOODS_2_225_WI_1_evaluation,control,FOODS,high,1530
FOODS_2_240_WI_1_evaluation,control,FOODS,high,3498
FOODS_2_247_TX_1_evaluation,control,FOODS,high,1347
FOODS_2_251_TX_1_evaluation,control,FOODS,high,2776
FOODS_2_255_CA_1_evaluation,treatment,FOODS,high,3554
FOODS_2_255_TX_1_evaluation,control,FOODS,high,2470
FOODS_2_275_WI_1_evaluation,control,FOODS,high,1606
FOODS_2_285_TX_1_evaluation,treatment,FOODS,high,8106
FOODS_2_307_CA_1_evaluation,treatment,FOODS,high,3503
FOODS_2_315_TX_1_evaluation,control,FOODS,high,5985
FOODS_2_315_WI_1_evaluation,treatment,FOODS,high,3611
FOODS_2_338_WI_1_evaluation,control,FOODS,high,1734
FOODS_2_391_TX_1_evaluation,treatment,FOODS,high,1609
FOODS_3_021_CA_1_evaluation,control,FOODS,high,4336
FOODS_3_029_CA_1_evaluation,control,FOODS,high,2290
FOODS_3_035_CA_1_evaluation,control,FOODS,high,3049
FOODS_3_040_CA_1_evaluation,control,FOODS,high,1212
FOODS_3_059_TX_1_evaluation,control,FOODS,high,7951
FOODS_3_063_CA_1_evaluation,treatment,FOODS,high,3161
FOODS_3_065_CA_1_evaluation,control,FOODS,high,2476
FOODS_3_077_CA_1_evaluation,control,FOODS,high,4860
FOODS_3_078_CA_1_evaluation,treatment,FOODS,high,1516
FOODS_3_083_CA_1_evaluation,treatment,FOODS,high,2354
FOODS_3_089_WI_1_evaluation,treatment,FOODS,high,4641
FOODS_3_097_WI_1_evaluation,control,FOODS,high,2403
FOODS_3_100_WI_1_evaluation,treatment,FOODS,high,2670
FOODS_3_103_CA_1_evaluation,control,FOODS,high,2128
FOODS_3_106_CA_1_evaluation,treatment,FOODS,high,3923
FOODS_3_109_WI_1_evaluation,control,FOODS,high,4841
FOODS_3_113_CA_1_evaluation,control,FOODS,high,9693
FOODS_3_116_CA_1_evaluation,treatment,FOODS,high,5806
FOODS_3_126_TX_1_evaluation,control,FOODS,high,4538
FOODS_3_136_TX_1_evaluation,control,FOODS,high,15464
FOODS_3_138_WI_1_evaluation,control,FOODS,high,2144
FOODS_3_144_CA_1_evaluation,control,FOODS,high,2590
FOODS_3_163_CA_1_evaluation,control,FOODS,high,6189
FOODS_3_184_CA_1_evaluation,treatment,FOODS,high,5086
FOODS_3_184_TX_1_evaluation,control,FOODS,high,2098
FOODS_3_190_WI_1_evaluation,control,FOODS,high,1890
FOODS_3_191_WI_1_evaluation,treatment,FOODS,high,1943
FOODS_3_194_TX_1_evaluation,treatment,FOODS,high,1313
FOODS_3_195_TX_1_evaluation,treatment,FOODS,high,3004
FOODS_3_214_WI_1_evaluation,control,FOODS,high,3692
FOODS_3_225_CA_1_evaluation,treatment,FOODS,high,3280
FOODS_3_243_CA_1_evaluation,treatment,FOODS,high,1283
FOODS_3_248_WI_1_evaluation,treatment,FOODS,high,1398
FOODS_3_265_CA_1_evaluation,treatment,FOODS,high,4168
FOODS_3_300_CA_1_evaluation,control,FOODS,high,6947
FOODS_3_304_CA_1_evaluation,control,FOODS,high,5264
FOODS_3_318_WI_1_evaluation,control,FOODS,high,18621
FOODS_3_327_CA_1_evaluation,treatment,FOODS,high,8221
FOODS_3_334_TX_1_evaluation,control,FOODS,high,1372
FOODS_3_361_TX_1_evaluation,treatment,FOODS,high,1487
FOODS_3_363_WI_1_evaluation,treatment,FOODS,high,3118
FOODS_3_367_CA_1_evaluation,control,FOODS,high,2478
FOODS_3_385_WI_1_evaluation,treatment,FOODS,high,1570
FOODS_3_391_WI_1_evaluation,control,FOODS,high,1255
FOODS_3_404_CA_1_evaluation,treatment,FOODS,high,14297
FOODS_3_405_WI_1_evaluation,control,FOODS,high,1758
FOODS_3_411_WI_1_evaluation,treatment,FOODS,high,2058
FOODS_3_441_TX_1_evaluation,treatment,FOODS,high,4916
FOODS_3_441_WI_1_evaluation,control,FOODS,high,3161
FOODS_3_446_WI_1_evaluation,treatment,FOODS,high,7308
FOODS_3_447_WI_1_evaluation,treatment,FOODS,high,1380
FOODS_3_448_TX_1_evaluation,control,FOODS,high,1641
FOODS_3_468_CA_1_evaluation,control,FOODS,high,7380
FOODS_3_468_WI_1_evaluation,control,FOODS,high,7159
FOODS_3_469_WI_1_evaluation,treatment,FOODS,high,4745
FOODS_3_470_WI_1_evaluation,control,FOODS,high,1426
FOODS_3_475_TX_1_evaluation,treatment,FOODS,high,4582
FOODS_3_476_CA_1_evaluation,treatment,FOODS,high,11310
FOODS_3_480_TX_1_evaluation,control,FOODS,high,1517
FOODS_3_492_WI_1_evaluation,treatment,FOODS,high,1904
FOODS_3_496_CA_1_evaluation,treatment,FOODS,high,2071
FOODS_3_499_CA_1_evaluation,treatment,FOODS,high,17143
FOODS_3_508_CA_1_evaluation,control,FOODS,high,2425
FOODS_3_513_CA_1_evaluation,control,FOODS,high,3459
FOODS_3_526_WI_1_evaluation,treatment,FOODS,high,4677
FOODS_3_533_TX_1_evaluation,control,FOODS,high,2449
FOODS_3_533_WI_1_evaluation,control,FOODS,high,1750
FOODS_3_535_CA_1_evaluation,control,FOODS,high,2201
FOODS_3_562_CA_1_evaluation,treatment,FOODS,high,4784
FOODS_3_566_CA_1_evaluation,treatment,FOODS,high,5801
FOODS_3_572_CA_1_evaluation,control,FOODS,high,10870
FOODS_3_590_TX_1_evaluation,treatment,FOODS,high,2615
FOODS_3_591_CA_1_evaluation,treatment,FOODS,high,2558
FOODS_3_614_WI_1_evaluation,treatment,FOODS,high,4716
FOODS_3_615_WI_1_evaluation,control,FOODS,high,2911
FOODS_3_629_CA_1_evaluation,treatment,FOODS,high,1791
FOODS_3_638_CA_1_evaluation,treatment,FOODS,high,3370
FOODS_3_651_TX_1_evaluation,control,FOODS,high,1752
FOODS_3_651_WI_1_evaluation,control,FOODS,high,1607
FOODS_3_652_CA_1_evaluation,treatment,FOODS,high,7702
FOODS_3_665_CA_1_evaluation,control,FOODS,high,2851
FOODS_3_668_WI_1_evaluation,control,FOODS,high,24852
FOODS_3_687_WI_1_evaluation,control,FOODS,high,1883
FOODS_3_692_WI_1_evaluation,treatment,FOODS,high,8957
FOODS_3_704_TX_1_evaluation,control,FOODS,high,4593
FOODS_3_712_TX_1_evaluation,treatment,FOODS,high,1408
FOODS_3_727_CA_1_evaluation,treatment,FOODS,high,6131
FOODS_3_727_WI_1_evaluation,treatment,FOODS,high,2702
FOODS_3_734_TX_1_evaluation,treatment,FOODS,high,12946
FOODS_3_738_CA_1_evaluation,treatment,FOODS,high,9595
FOODS_3_741_CA_1_evaluation,control,FOODS,high,34490
FOODS_3_742_WI_1_evaluation,treatment,FOODS,high,2967
FOODS_3_752_CA_1_evaluation,treatment,FOODS,high,12372
FOODS_3_753_CA_1_evaluation,treatment,FOODS,high,8125
FOODS_3_755_CA_1_evaluation,treatment,FOODS,high,22516
FOODS_3_757_WI_1_evaluation,treatment,FOODS,high,2457
FOODS_3_761_CA_1_evaluation,treatment,FOODS,high,2013
FOODS_3_776_TX_1_evaluation,control,FOODS,high,1217
FOODS_3_783_CA_1_evaluation,treatment,FOODS,high,9162
FOODS_3_786_CA_1_evaluation,treatment,FOODS,high,4491
FOODS_3_792_WI_1_evaluation,control,FOODS,high,6123
FOODS_3_816_TX_1_evaluation,control,FOODS,high,7868
FOODS_3_818_CA_1_evaluation,treatment,FOODS,high,4014
FOODS_3_827_WI_1_evaluation,control,FOODS,high,2526
HOBBIES_1_008_CA_1_evaluation,control,HOBBIES,high,13460
HOBBIES_1_023_TX_1_evaluation,treatment,HOBBIES,high,2421
HOBBIES_1_028_CA_1_evaluation,treatment,HOBBIES,high,1302
HOBBIES_1_029_TX_1_evaluation,control,HOBBIES,high,1528
HOBBIES_1_048_CA_1_evaluation,control,HOBBIES,high,12992
HOBBIES_1_056_CA_1_evaluation,treatment,HOBBIES,high,1494
HOBBIES_1_056_WI_1_evaluation,treatment,HOBBIES,high,2962
HOBBIES_1_067_WI_1_evaluation,control,HOBBIES,high,10071
HOBBIES_1_078_WI_1_evaluation,treatment,HOBBIES,high,1832
HOBBIES_1_080_WI_1_evaluation,control,HOBBIES,high,6248
HOBBIES_1_105_CA_1_evaluation,control,HOBBIES,high,1587
HOBBIES_1_108_CA_1_evaluation,control,HOBBIES,high,2022
HOBBIES_1_115_TX_1_evaluation,control,HOBBIES,high,1755
HOBBIES_1_124_CA_1_evaluation,control,HOBBIES,high,1300
HOBBIES_1_141_WI_1_evaluation,treatment,HOBBIES,high,1215
HOBBIES_1_142_TX_1_evaluation,treatment,HOBBIES,high,1760
HOBBIES_1_144_CA_1_evaluation,control,HOBBIES,high,1700
HOBBIES_1_149_CA_1_evaluation,control,HOBBIES,high,1437
HOBBIES_1_157_CA_1_evaluation,control,HOBBIES,high,1281
HOBBIES_1_169_CA_1_evaluation,treatment,HOBBIES,high,8844
HOBBIES_1_177_CA_1_evaluation,treatment,HOBBIES,high,1988
HOBBIES_1_189_TX_1_evaluation,treatment,HOBBIES,high,3263
HOBBIES_1_194_WI_1_evaluation,control,HOBBIES,high,3455
HOBBIES_1_201_CA_1_evaluation,treatment,HOBBIES,high,2408
HOBBIES_1_202_WI_1_evaluation,control,HOBBIES,high,2813
HOBBIES_1_209_CA_1_evaluation,control,HOBBIES,high,6166
HOBBIES_1_209_WI_1_evaluation,control,HOBBIES,high,3176
HOBBIES_1_234_TX_1_evaluation,treatment,HOBBIES,high,4031
HOBBIES_1_236_CA_1_evaluation,control,HOBBIES,high,7951
HOBBIES_1_248_WI_1_evaluation,control,HOBBIES,high,4106
HOBBIES_1_249_CA_1_evaluation,control,HOBBIES,high,1747
HOBBIES_1_256_CA_1_evaluation,treatment,HOBBIES,high,15163
HOBBIES_1_270_WI_1_evaluation,treatment,HOBBIES,high,1486
HOBBIES_1_278_WI_1_evaluation,treatment,HOBBIES,high,11493
HOBBIES_1_287_CA_1_evaluation,control,HOBBIES,high,1528
HOBBIES_1_288_TX_1_evaluation,treatment,HOBBIES,high,2496
HOBBIES_1_295_CA_1_evaluation,treatment,HOBBIES,high,12511
HOBBIES_1_295_TX_1_evaluation,control,HOBBIES,high,4722
HOBBIES_1_295_WI_1_evaluation,control,HOBBIES,high,8457
HOBBIES_1_312_CA_1_evaluation,treatment,HOBBIES,high,7967
HOBBIES_1_328_CA_1_evaluation,control,HOBBIES,high,1423
HOBBIES_1_329_CA_1_evaluation,control,HOBBIES,high,2484
HOBBIES_1_338_CA_1_evaluation,control,HOBBIES,high,2255
HOBBIES_1_348_TX_1_evaluation,treatment,HOBBIES,high,6005
HOBBIES_1_351_CA_1_evaluation,control,HOBBIES,high,1224
HOBBIES_1_354_TX_1_evaluation,control,HOBBIES,high,1510
HOBBIES_1_371_TX_1_evaluation,treatment,HOBBIES,high,7505
HOBBIES_1_379_CA_1_evaluation,control,HOBBIES,high,2708
HOBBIES_1_381_WI_1_evaluation,treatment,HOBBIES,high,3468
HOBBIES_1_383_CA_1_evaluation,treatment,HOBBIES,high,1247
HOBBIES_1_394_CA_1_evaluation,treatment,HOBBIES,high,1320
HOBBIES_1_394_WI_1_evaluation,control,HOBBIES,high,3012
HOBBIES_1_398_TX_1_evaluation,control,HOBBIES,high,4127
HOBBIES_1_400_TX_1_evaluation,control,HOBBIES,high,1256
HOBBIES_1_408_TX_1_evaluation,treatment,HOBBIES,high,3028
HOBBIES_1_412_WI_1_evaluation,treatment,HOBBIES,high,1288
HOBBIES_1_415_CA_1_evaluation,treatment,HOBBIES,high,1852
HOBBIES_1_416_CA_1_evaluation,control,HOBBIES,high,1952
HOBBIES_1_417_WI_1_evaluation,control,HOBBIES,high,9188
HOBBIES_1_424_CA_1_evaluation,control,HOBBIES,high,1866
HOBBIES_2_059_CA_1_evaluation,control,HOBBIES,high,2426
HOBBIES_2_075_CA_1_evaluation,treatment,HOBBIES,high,1491
HOUSEHOLD_1_016_CA_1_evaluation,treatment,HOUSEHOLD,high,2930
HOUSEHOLD_1_028_CA_1_evaluation,control,HOUSEHOLD,high,2444
HOUSEHOLD_1_040_CA_1_evaluation,treatment,HOUSEHOLD,high,4638
HOUSEHOLD_1_058_TX_1_evaluation,control,HOUSEHOLD,high,1397
HOUSEHOLD_1_071_TX_1_evaluation,control,HOUSEHOLD,high,3445
HOUSEHOLD_1_071_WI_1_evaluation,treatment,HOUSEHOLD,high,1488
HOUSEHOLD_1_079_TX_1_evaluation,control,HOUSEHOLD,high,1324
HOUSEHOLD_1_087_WI_1_evaluation,treatment,HOUSEHOLD,high,1570
HOUSEHOLD_1_088_CA_1_evaluation,treatment,HOUSEHOLD,high,1233
HOUSEHOLD_1_100_CA_1_evaluation,control,HOUSEHOLD,high,3031
HOUSEHOLD_1_109_CA_1_evaluation,treatment,HOUSEHOLD,high,2763
HOUSEHOLD_1_114_CA_1_evaluation,control,HOUSEHOLD,high,5262
HOUSEHOLD_1_114_WI_1_evaluation,control,HOUSEHOLD,high,5104
HOUSEHOLD_1_128_CA_1_evaluation,control,HOUSEHOLD,high,2430
HOUSEHOLD_1_132_CA_1_evaluation,control,HOUSEHOLD,high,2900
HOUSEHOLD_1_145_CA_1_evaluation,treatment,HOUSEHOLD,high,2205
HOUSEHOLD_1_145_TX_1_evaluation,treatment,HOUSEHOLD,high,2221
HOUSEHOLD_1_157_TX_1_evaluation,treatment,HOUSEHOLD,high,1554
HOUSEHOLD_1_168_TX_1_evaluation,control,HOUSEHOLD,high,1668
HOUSEHOLD_1_168_WI_1_evaluation,control,HOUSEHOLD,high,1654
HOUSEHOLD_1_169_CA_1_evaluation,control,HOUSEHOLD,high,4273
HOUSEHOLD_1_171_CA_1_evaluation,treatment,HOUSEHOLD,high,1916
HOUSEHOLD_1_173_CA_1_evaluation,control,HOUSEHOLD,high,7111
HOUSEHOLD_1_188_CA_1_evaluation,treatment,HOUSEHOLD,high,2575
HOUSEHOLD_1_196_WI_1_evaluation,treatment,HOUSEHOLD,high,2759
HOUSEHOLD_1_205_TX_1_evaluation,treatment,HOUSEHOLD,high,5624
HOUSEHOLD_1_215_WI_1_evaluation,treatment,HOUSEHOLD,high,2229
HOUSEHOLD_1_225_CA_1_evaluation,control,HOUSEHOLD,high,3759
HOUSEHOLD_1_232_CA_1_evaluation,treatment,HOUSEHOLD,high,1278
HOUSEHOLD_1_247_TX_1_evaluation,control,HOUSEHOLD,high,5988
HOUSEHOLD_1_268_WI_1_evaluation,treatment,HOUSEHOLD,high,1421
HOUSEHOLD_1_275_TX_1_evaluation,treatment,HOUSEHOLD,high,3408
HOUSEHOLD_1_301_CA_1_evaluation,treatment,HOUSEHOLD,high,1769
HOUSEHOLD_1_303_CA_1_evaluation,control,HOUSEHOLD,high,9187
HOUSEHOLD_1_303_TX_1_evaluation,treatment,HOUSEHOLD,high,15558
HOUSEHOLD_1_307_CA_1_evaluation,control,HOUSEHOLD,high,1688
HOUSEHOLD_1_313_WI_1_evaluation,treatment,HOUSEHOLD,high,1380
HOUSEHOLD_1_316_CA_1_evaluation,treatment,HOUSEHOLD,high,2149
HOUSEHOLD_1_316_TX_1_evaluation,control,HOUSEHOLD,high,1271
HOUSEHOLD_1_325_CA_1_evaluation,treatment,HOUSEHOLD,high,1810
HOUSEHOLD_1_357_TX_1_evaluation,control,HOUSEHOLD,high,1457
HOUSEHOLD_1_361_CA_1_evaluation,treatment,HOUSEHOLD,high,5636
HOUSEHOLD_1_364_WI_1_evaluation,treatment,HOUSEHOLD,high,1734
HOUSEHOLD_1_366_TX_1_evaluation,treatment,HOUSEHOLD,high,1713
HOUSEHOLD_1_369_CA_1_evaluation,control,HOUSEHOLD,high,2584
HOUSEHOLD_1_373_CA_1_evaluation,treatment,HOUSEHOLD,high,9665
HOUSEHOLD_1_387_TX_1_evaluation,control,HOUSEHOLD,high,3022
HOUSEHOLD_1_389_WI_1_evaluation,treatment,HOUSEHOLD,high,9401
HOUSEHOLD_1_393_WI_1_evaluation,control,HOUSEHOLD,high,5071
HOUSEHOLD_1_399_TX_1_evaluation,control,HOUSEHOLD,high,6302
HOUSEHOLD_1_410_TX_1_evaluation,treatment,HOUSEHOLD,high,2210
HOUSEHOLD_1_417_WI_1_evaluation,treatment,HOUSEHOLD,high,1435
HOUSEHOLD_1_426_CA_1_evaluation,treatment,HOUSEHOLD,high,2258
HOUSEHOLD_1_430_WI_1_evaluation,control,HOUSEHOLD,high,3036
HOUSEHOLD_1_438_CA_1_evaluation,control,HOUSEHOLD,high,1941
HOUSEHOLD_1_440_TX_1_evaluation,control,HOUSEHOLD,high,2148
HOUSEHOLD_1_445_WI_1_evaluation,treatment,HOUSEHOLD,high,3395
HOUSEHOLD_1_448_TX_1_evaluation,treatment,HOUSEHOLD,high,4275
HOUSEHOLD_1_461_CA_1_evaluation,control,HOUSEHOLD,high,2515
HOUSEHOLD_1_482_CA_1_evaluation,control,HOUSEHOLD,high,2558
HOUSEHOLD_1_482_WI_1_evaluation,treatment,HOUSEHOLD,high,1434
HOUSEHOLD_1_508_TX_1_evaluation,control,HOUSEHOLD,high,1392
HOUSEHOLD_1_515_WI_1_evaluation,control,HOUSEHOLD,high,2365
HOUSEHOLD_1_517_WI_1_evaluation,control,HOUSEHOLD,high,2670
HOUSEHOLD_1_520_CA_1_evaluation,control,HOUSEHOLD,high,1312
HOUSEHOLD_1_521_WI_1_evaluation,treatment,HOUSEHOLD,high,8936
HOUSEHOLD_1_522_TX_1_evaluation,treatment,HOUSEHOLD,high,2991
HOUSEHOLD_1_535_TX_1_evaluation,control,HOUSEHOLD,high,4876
HOUSEHOLD_1_541_WI_1_evaluation,treatment,HOUSEHOLD,high,1785
HOUSEHOLD_2_110_WI_1_evaluation,treatment,HOUSEHOLD,high,1770
HOUSEHOLD_2_119_CA_1_evaluation,control,HOUSEHOLD,high,1356
HOUSEHOLD_2_199_CA_1_evaluation,treatment,HOUSEHOLD,high,1283
HOUSEHOLD_2_201_CA_1_evaluation,control,HOUSEHOLD,high,1368
HOUSEHOLD_2_239_WI_1_evaluation,treatment,HOUSEHOLD,high,1936
HOUSEHOLD_2_251_TX_1_evaluation,treatment,HOUSEHOLD,high,1514
HOUSEHOLD_2_299_CA_1_evaluation,treatment,HOUSEHOLD,high,3118
HOUSEHOLD_2_349_CA_1_evaluation,control,HOUSEHOLD,high,1354
HOUSEHOLD_2_442_CA_1_evaluation,control,HOUSEHOLD,high,2130
